ID,Sequence,Label
sp|F8S296|ATG2_ARATH,MVFPWNIAKSAEEAFSRWAVKRVVKFLLKKKLGKLILGDIDLDQLDIQLRDGTIQLSDLAINVDYLNDKFDAPLVIKEGSIGSLLVKMPWKTNGCQVEVDELELVLAPRLESNKSSSNEASTSASTREDLHNIRLEIGKHENEMLMNAAKSASIDVHEGVKTVAKIVKWFLTSFHVKIKNLIIAFDPDFGKKQSEAGPRPTLVLRMTEIECGISEEQVSANEVSPDNFLGINRLANCVKFQGAVVELLNMDDDDDGDKTCDKKTSNDVTLIMTGVGGGFSGSLNFSIPWKNGSLDIRKVDADISIDPVEVRFQPSTIRWFLQLWKTFTSFGSDCFPSVSHSDFLTDSPTIPTNVMVTPPATLSLSGGQELEHDTTPNLQFIPDWFPSSFSKKEEDGEVDIGASVDQFFECFDAMRSYQSASGSQGMWNWTSSVFTAINAASSLASGSLLLPSEQQHVETSCKVSFAGVSVVLFFQDEVNWKGVSTRIHYLGAELRDISVSFQVCLHDLRLEGEVNSMEIADYCQGGNVVDTANAESQTCLIKDLQAKVQTSLPPFASSDMHSDSERLSEIVSDGFLFRNKGFAVKTLLVIAAGGSGFQFTVNFQSSKASHRGSNSFSLSLPPTTFWLNLHSVEMLVNLFNDVSESIPITSHERNQVASSSKSESLRGSVSICNARVILWFPFESISERFCNSLGQQFIVVDLSSSPPSDKERAKERSPGEMHFPSATRSICFSVGDASIYLVTSDLKDSETNSYHRQVEFSAYNILHTNNKTRHQLSTIGMFWQDRPTVSPWLVERAKMLATQEESIQTDKSGGRGLEFAAVATPKDQDDIYSRSRKEIILASSFCLYVHLLPLAIHLDSWQYSKLCNLIEEAKNWLSRMAANTAEQTEESVVCQTSLVVDCDSIDILVRPEPRMGIKKQLQTELPGSWIQFNLRVQKLNLMSVPNLGSVSGADFFWLAHGEGTLLGSVTGLPDQELLLLSCNNSAIKRGNGGGSNALSSRFAGLDFLHLQEPGICNDYLAVSARGCTISAVGGRLDWIEVATSFFSFEDEKKTQEINSSSSSGSSFILNFVDVGLSYEPHHENTDHLRQASDPWVACLVAASSFSLSKKSLVDSIRNDYRIRIQDLGLLLSVDFDLSKLGGTYSSEHLHESGYVKVANDSLIEAILRTNSENGLLWELECSKSHLVIETCSDTTSGLIRLATQLQQLLAPDLEESAVHLQTRWDSIQQANARNDLDISDRLSSSDSSGEMKYLRLESENETGVIGLMDEINEDAFQFDVNPTYQSDSVECQNNYMSPHGISHGQAYNWVPATEKLPSNQSICGSSSRINSESSQVFLERESLPEIFENYCLSEFRPSSEVPQEGDSSGRELFPETDLRRGNSGWYDDASLRIVEDHVSEATEEDHEEHILDGECSSFGQTSYSAVAANGRILLKNIDLKWRIYSGSDWHDSRKKGENFKHTKGRDTTSCLELELSGVQFLYETFPIGEICTSKLSLMVQDFYLYDRSDNAPWTLVLGYYNSKDHPRDSSSYAFKLELKAVRPDPETPLEENRLRVALLPILLHLHQSQLDFLISFFGANSLEKPVVSMGDSGGSTMSVSVQGHNIIEEALLPYFQKFDIWPVNVRVDYSPHHVDIAALTGGKYAELVNLVPWKGIELQLKHVHAAGIYGWGNVCETILGEWLEDVSQNQIHQLLKGIPTVRSLSALYAAALKLVSSPVESYRKDRRLVKGVQRGTVAFLRSISLEAVGLGVHLAAGAHDILLRAEYIFASSPSLPQPQGRTKTNVRHNQPRNAKQGMLKACESIGDGIGKTASALVRTPLKKYQRGDGAGSAFATVVQGVPTAAIAPASACARAVHSALVGIRNSLDPEHKKESMEKYLGPDKQRKQDQHR,1
sp|Q38902|RAC1_ARATH,MSASRFIKCVTVGDGAVGKTCLLISYTSNTFPTDYVPTVFDNFSANVVVNGATVNLGLWDTAGQEDYNRLRPLSYRGADVFILAFSLISKASYENVSKKWIPELKHYAPGVPIVLVGTKLDLRDDKQFFIDHPGAVPITTAQGEELKKLIGAPAYIECSSKTQENVKGVFDAAIRVVLQPPKQKKKKSKAQKACSIL,1
sp|Q38937|RAC5_ARATH,MSASRFIKCVTVGDGAVGKTCMLISYTSNTFPTDYVPTVFDNFSANVVVDGNTVNLGLWDTAGQEDYNRLRPLSYRGADVFILAFSLISKASYENVAKKWIPELRHYAPGVPIILVGTKLDLRDDKQFFIDHPGAVPITTNQGEELKKLIGSPIYIECSSKTQQNVKAVFDAAIKVVLQPPKQKKKKKNKNRCVFL,1
sp|Q8LEM4|ATG8A_ARATH,MAKSSFKISNPLEARMSESSRIREKYPDRIPVIVEKAGQSDVPDIDKKKYLVPADLTVGQFVYVVRKRIKLGAEKAIFVFVKNTLPPTAALMSAIYEEHKDEDGFLYMTYSGENTFGSLTVA,1
sp|Q8RUS5|ATG9_ARATH,MMSSGHKGPNVRNFFKWQRGESSSSLTTGLLHNESHEIELSNYGGIPSPGSESPSGLLNGESLNVQPIADLDLFVERLYSYYRDKGLWCIIVKWAVELLSLGFIICFSGFFLLYVDWNGLQNAKCGMDAVESGTKPCDLVKEAIHPHPLSPFTLTTAIIVGYLALFSVYWLFCFLRFFAQLKDTLDFRHFYYNNLHVTDNEILTMPWATVLEKVVQLQSSQCLCVVKDLSAHDMVMRLMRKENYLIGMLNKGLLSFPISHWIPGAGPAVKSAPDGTQYHLVLTKTLEWTLNWCILQSMFDCNFRVRRDFVSNPTTLKKRLFVVGLAMLLLSPFLVIFMLVYLFLRHAEQFYNHPSTASSRRWSNLSKWLFREFNEVDHLFKHRINSSVVHASEYLKQFPSPIISIIAKFVSFVSGGFAAVLIIIAFLEESLLEGHIFGRNLFWYAAVFGTITAISRAAISDELLVLDPVGTMSLVVQNTHYMPKRWRGKENKDDVRLELETLFQYTGMMLLEEIASIFITPFLLMFVVPKRVDDILQFIKDFTVDIEGVGHVCSFSAFYFENHGNIKYGSPHNATRREQRSSQGKMEKSFLSFQSSYPSWESDSLGKQFLSNLRTFRDRKLHEINTRHSSPSRAWRESTNTPALYRDIPRNPLASGNHTDSMWLIDPDQRNHPYLLDWYYTSQAHNRTDHPIERANEILTANQNATDCWPPDLGIRGEDSRDLLNMEASTSGQFFRESILRHDQPEGEDSYGSQHPLDGRNQWWGRGNHSQISTAHPATTNSFIEPPDFINRYTAGNLLDNSWSRRSIEEEDEEEEELDWEENARRNLSRTTFMDDNDIEAGIDLHFDDVYSSRPQETSTSSTTLR,1
sp|Q8S926|ATG8E_ARATH,MNKGSIFKMDNDFEKRKAEAGRIREKYPDRIPVIVEKAEKSEVPNIDKKKYLVPSDLTVGQFVYVIRKRIKLSAEKAIFIFVDNVLPPTGELMSSVYEDKKDEDGFLYITYSGENTFGASSI,1
sp|Q8VZ52|ATG10_ARATH,MDSAREVSDGRLTVEGFSVASRAFADKWKIHNQSFPPWSWVPLINRTLLVSKKEEGYLSLEKIIILSSLEEEIPEDESLNVATDCLEKEETVDHTILVPTMENEAHYYDFHIVYSASYKVPVLYFRGYCSGGEPLALDVIKKDVPSCSVSLLLESKWTFITQEEHPYLNRPWFKLHPCGTEDWIKLLSQSSSSSGCQMPIVLYLVSWFSVVGQVVGLRIPLEMLN,1
sp|Q93VB2|AT18A_ARATH,MATVSSSSWPNPNPNPDSTSASDSDSTFPSHRDRVDEPDSLDSFSSMSLNSDEPNQTSNQSPLSPPTPNLPVMPPPSVLHLSFNQDHACFAVGTDRGFRILNCDPFREIFRRDFDRGGGVAVVEMLFRCNILALVGGGPDPQYPPNKVMIWDDHQGRCIGELSFRSDVRSVRLRRDRIIVVLEQKIFVYNFSDLKLMHQIETIANPKGLCAVSQGVGSMVLVCPGLQKGQVRIEHYASKRTKFVMAHDSRIACFALTQDGHLLATASSKGTLVRIFNTVDGTLRQEVRRGADRAEIYSLAFSSNAQWLAVSSDKGTVHVFGLKVNSGSQVKDSSRIAPDATPSSPSSSLSLFKGVLPRYFSSEWSVAQFRLVEGTQYIAAFGHQKNTVVILGMDGSFYRCQFDPVNGGEMSQLEYHNCLKPPSVF,1
sp|Q94C95|ATG1A_ARATH,MESARLVGDYALGPRIGSGSFAVVWLAKHRSSGLEVAVKEIDKKLLSPKVRDNLLKEISILSTIDHPNIIRFYEAIETGDRIFLVLEYCSGGDLAGYINRHGKVPEAVAKHFMRQLALGLQVLQEKHFIHRDLKPQNLLLSSKEVTPLLKIGDFGFARSLTPESMAETFCGSPLYMAPEIIRNQKYDAKADLWSAGAILFQLVTGKPPFDGNNHIQLFHNIVRDTELKFPEDTRNEIHPDCVDLCRSLLRRNPIERLTFREFFNHMFLREPRQIPDVEHSGFSTCTGKSLLPSAQPSTSTNRFKSSAENVHKHGSSSSASNSQISMPHTSFEKTRKDTEGQCSSNQSGVVDSLELIEREYVLVNRPSASLEGSSDCFDTSLQDSGFPNILPRNEKVSSSSLEAQKPLSDVSGPRPASVSYLLTEVQRLTIVHPPTKLQLLHQYAQALTELASEMGNTGQVKESFAVTLVVLAVWRKALEICDSWMMSVGENEVNPDPTTAPETSIPDLNSPAPAKTWVTQEFVTALNQAENLSTQLNETSAATHMPDAMETIYERALAYGKSGGAEEYLSNKESAATLYKKAILLLSFIIEEAVTLSLNPSFSLTPDDKKRILYYISNLQHRRSHL,1
sp|Q94CD5|ATG7_ARATH,MAEKETPAIILQFAPLNSSVDEGFWHSFSSLKLDKLGIDDSPISITGFYGPCGHPQVSNHLTLLSESLPLDEQSLIASTSHGNRNKCPVPGILYNTNTVESFNKLDKQSLLKAEANKIWEDIQSGKALEDPSVLPRFLVISFADLKKWSFRYWFAFPAFVLDPPVSLIELKPASEYFSSEEAESVSAACNDWRDSDLTTDVPFFLVSVSSDSKASIRHLKDLEACQGDHQKLLFGFYDPCHLPSNPGWPLRNYLALIRSRWNLETVWFFCYRESRGFADLNLSLVGQASITLSSGESAETVPNSVGWELNKGKRVPRSISLANSMDPTRLAVSAVDLNLKLMRWRALPSLNLNVLSSVKCLLLGAGTLGCQVARTLMGWGIRNITFVDYGKVAMSNPVRQSLYNFEDCLGRGEFKAVAAVKSLKQIFPAMETSGVVMAIPMPGHPISSQEEDSVLGDCKRLSELIESHDAVFLLTDTRESRWLPSLLCANANKIAINAALGFDSYMVMRHGAGPTSLSDDMQNLDINKTNTQRLGCYFCNDVVAPQDSMTDRTLDQQCTVTRPGLAPIAGALAVELLVGVLQHPLGINAKGDNSSLSNTGNNDDSPLGILPHQIRGSVSQFSQITLLGQASNSCTACSETVISEYRERGNSFILEAINHPTYLEDLTGLTELKKAANSFNLDWEDDDTDDDDVAVDL,1
sp|Q9FFI2|ATG5_ARATH,MAKEAVKYVWEGAIPLQIHLHKSDVASHPAPPPALVLAPRIGYLPLLIPLIKPYFKDSLPPGEDSIWFDYKGFPLKWYIPTGVLFDLLCAEPERPWNLTIHFRGYPCNILIPCEGEDSVKWNFVNSLKEAQYIINGNCKNVMNMSQSDQEDLWTSVMNGDLDAYTRLSPKLKMGTVEDEFSRKTSLSSPQSQQVVPETEVAGQVKTARIPVRLYVRSLNKDFENLEDVPEIDTWDDISYLNRPVEFLKEEGKCFTLRDAIKSLLPEFMGDRAQTSGEERSIDDTEEADGSREMGEIKLVRIQGIEMKLEIPFSWVVNNLMNPEFYLHISVLVKAPQR,1
sp|Q9M367|BECN1_ARATH,MRKEEIPDKSRTIPIDPNLPKWVCQNCHHSLTIVGVDSYAGKFFNDPPPSATQGSSIHGANSVLGSTRMDNSFVVLPRHKPPQSQGIPPRPRGASSPQPDATQSGKAMEESFVVVYKSEPVSDSGGSHNLSLEVGQNGPLHSNTSGFNATINVLTRAFDIARTQTQVEQPLCLECMRVLSDKLEKEVEDVTRDVEAYEACVQRLEGETQDVLSEADFLKEKKKIEEEERKLVAAIEETEKQNAEVNHQLKELEFKGNRFNELEDRYWQEFNNFQFQLIAHQEERDAILAKIEVSQAHLELLNKTNVLIDAFPIRNDGEFGTINNFRLGRLPAIKVEWDEINAAWGQACLLLHTMCNYFRPKFQCQVKIQPMGSYPRIVDSNNETYELFGPVNLFWSTRYDKAMTLYLMCLKDFADFANSKDQENNIPPDNCLNLPYKIEKDKVLGYSITQSFNKQESWTKALKYTLCNLKWALYWFVGNTNFQPLSATVSLPSNISAAGSLYAKRGPDSSKPSCKKT,1
sp|Q9SCK0|AT13A_ARATH,MDFPENLPSDIGRLEQIVSHFFPKALHIVLNSRIPSLQSRGRTRERLSGLNVRKSDKWFNLVMGDRPAALEKLHSWHRNILDSMIIDIILVHPISNDNLDDDDDHSDSVVRSAETVIERWVVQYENPLIMSPQSSDSATRYQKVYKKSIILLRSLYAQTRLLPAYRVSRQLSSSLASSGYDLIYKVSSFSDIFSGPVTETMKEFRFAPVEVPPGRLCASVTYRSDLSDFNLGAHITLPPRIITDYVGSPATDPMRFFPSPGRSVEGHSFTGRAGRPPLTGSSAERPHSWTSGFHRPPAQFATPNQSFSPAQSHQLSPGLHDFHWSRTDAFGDNHQLSPPFSPSGSPSTPRYISGGNSPRINVRPGTAPVTIPSSATLNRYVSSNFSEPGRNPLPPFSPKSTRRSPSSQDSLPGIALYRSSRSGESPSGLMNQYPTQKLSKDSKYDSGRFSGVLSSSDSPRFAFSRSPSRLSSQDDLDDPDCSCPFDFDDVDESGLQYSHSLDRRKTSSSISQSLPLGRRSSQDAAVGVLVHMLKTAPPLRQDSSTYMASMSGVQREGSVSGTESEFSMARSTSDALEELRNYKQLKDLLLSKSKSGSGPTRVH,1
sp|Q9SUG7|ATG11_ARATH,MSGSFTESFADDGKLLLCVAENGHSFEFQCSETTSVESVMRFVESVSGIALSDQLLLSLDMKLEPQKLLSAFGLPASDREVFVFNKAMLQSNSHPPSPEDVDLQDVADALPPASLHEHHPLDDASDPALKALPLYERQFRYHFHKGRTIYNCTVVKHENCERLTREQKVQQRAVEVATRNLEQYYRVIYQNFLEFMKRYKHQHRLHSDLLMNFGRDIEKLRSAKIHPYLQTESRKCLLDFVKEDNLKKAVENCASSHRQFENKIAQFQQMFVEVKRKVEELFACRASLSMKNLEVTVKDHERFIDEEKSIMQSLSKDVNTVKKLVDDCMSSQVSSSLRPHDAVSALGPMYEVHDKNHLPKMQACYNSISELLDFCKNKKNEMNNFVHGYMQKITYVTYIIKDAKLQFPVFREAMVRQDDLFADLKLVRGVGPAYRACLAEVVRRKASMKLYMGMAGQLAEKLAMKRETEVRKREEFLKTHGPFVPRDVLASMGLYDTPTQCDVNVAPYDTSLLNIEISDVDRYAPEFLVGLHSKIASLKSSLTMSGDSSLSAEPEEIGIDTFDKDNFDDILAASELIEIAGTSKMEVENAKLKADLASAISRICSLGPQFEYEVLDESEVENVLKNAADKTAEALQAKDEYEKHLLLMLKEKQMHCDSYEKRIRELEQRLSDEYLQGQRHNNKDVSGLNLMHEKVSEYKAEASSDVEGNKTHVSGSEPMDEVSCVSNLTSKQPCKAREGMDENMVDSSQVLSQPLDSSMLESQQNNEKGGKDSEAGEMGVFLSNSSTAESPQKSLDDNVATGRGLDAKDSGDIILELRNELMEKSNKLSEMESKLNGAMEEVSNLSRELETNQKLLEESQMNCAHLENCLHEAREEAQTHLCAADRRASQYTALRASAVKMRGLFERFRSSVCAGSGIADFADSLRTLAQALANSVNENEDDGTTEFRKCIRVLADKVSFLSKHREELLEKCQNLEATSEQTRKDLEEKKELVKTLYTKHQLGKQANKEKISFGRLEVHEIAAFVLNQAGHYEAINRNCPNYYLSSESEALFTDHLPSRPTYIVGQIVHIERQIVKLPSQLSASASPEAGKTHHLCSDQGSRTLASSSISTSTSATTTSNPYGLSSGCEYFIVTIAMLPDTAIHQQAS,1
sp|F4IRW0|ATG1C_ARATH,MAQFTGRVVGDYLVGRQIGSGSFSVVWEARHRVDGTEVAIKEIAMDRLNKKLQESLMSEIFILRRINHPNIIRLIDMIKSPGKVHLVLEYCKGGDLSVYVQRHGIVPEATAKHFMQQLAAGLQVLRDNNIIHRDLKPQNLLLSTNENDADLKIADFGFARSLQPRGLAETLCGSPLYMAPEIMQLQKYDAKADLWSVGAILFQLVTGRTPFTGNSQIQLLQNIIRSTELHFPGDCRDLSLDCIDLCQKLLRRNPVERLTFEEFFNHPFLSDRQSYDFSRSRLGLRTMDGFLSSGSSPSRNMEESSQEDCLPFLLDDDSSGPEGSPSYLKKTSSMKSSSGIKVDTRIERKEVESSPLKHTELTSGYSSFNQKVENDRFRFETQINSDRRNRREPTGLTDSRSLIAPGRVDDSQDSMDQDFVLVSGPPVDMPSSSSSSSKPYNFPFKSQSPPVELFNRSISSTAPMPIIGATSNSIGQFGSLDSQYSAPSTSHGSLDLGDAFEQPSTHSLTRIRSLRKYAATIAELVYERIESDKHLEAFSIQLAILAIWKQALHICHTQAISGLEGSPSQDINKLRSSSLKHDTHSSNKVTDLSHDGSEEISSQIQRQFIQEIELAEELAKSIEPGNTKMPDAMETIFEAALDLGKLGGVKEVMGDTENAGNQYSKAVRLLVFLLVEAPMLILNPPLSLTNSVRYRLRTYIDFLSRRLKHLQSHRRSSAGQMQGSSLAMMNRQS,1
sp|F4J8V5|AT13B_ARATH,MSSSHNRSNNNNSEGAKAEQIIFEFFAKSLHIILESRTPFMSSRNFSGEQMICSPSSSSSSSSSVRPRDKWFNLALRECPAALESFDIGRRSSLEPLVVDVVLVVRPLVGDQSGKRELIRNFSGKDYQSGWNSDQDELGCETKNEQIIERWVVQYDNRKIRESVTTSSRRSSSNKLQVMYKKATLLLRSLFVMVRLLPAYKIFRELNSSGQIFKFKLVPRVPSIVEPFTRKEEAEMQKFSFTPVETICGRLCLSVLYRSLSDVSCEHSTPMSPTFITDYVGSPLADPLKRFPSLPLSYGSPPLLPFQRRHSWSFDRYKASPPSVSCSPSPTRSDSHALVSHPCSRHLPPHPSDIPTGRRKESYPEEYSPCQDFSPPPSPSAPKHAVPRGITRTESAPVRIPAPTFQSKENVVAPSAHLKLSRHASLKPVRNLGPGESGAAIDKLFLYGRDDFRRPSGVRPSSSSSPRISFSRSSSRSFQDDFDDPDFPCPFDVEYDDITDRNSRPGSFDHRGDIHEPFDSSGSYPKKSQDAAVGALVRMLKKAPPLRQDVSESSRPEICSNNNKPAGAHEIAVASITASGIALASKTTADALEELRSYKEMKNHLLLGQSTSNPSSVTITSPFDV,1
sp|F4JBP3|ATG1B_ARATH,MAQSSLVAAAGRSGRVIGDYAVGRQIGSGSFSVVWEGRHLVHGTVVAIKEIAMARLNKKLQESLMSEIIILRKINHPNIIRFIDMIEAPGKINLVLEYCKGGDLSMYIHKHGSVPEATAKHFMLQLAAGLQVLRDNNIIHRDLKPQNLLLSTDDNDAALKIADFGFARSLQPRGLAETLCGSPLYMAPEIMQLQKYDAKADLWSVGAILFQLVTGRTPFTGNSQIQLLQNIIRSTELHFPADCRDLSTDCKDLCQKLLRRNPVERLTFEEFFHHPFLSDKQSYDFTRSRLDSRTMNDFHSSGSSPSRNIEEISQEDGLPFFLDDDSSGPEGSPSSFKHTSPMKSSYGFSVERREAALSPLKNMDLSSRYSRVSHRAETNNFKFEGHRLSDRSQFKPSSLPDSRSFSTQGRGDSPDSMDQDYVLISGPPVDIPSSSSGSPKPFNYPFKSHSPPVEFIKRNVTNLTAPMPIASATGNNLSRFGSLESQNCIPGTSHGSLDLVDAFEQPSTNSLTRIRSLQKCAAAIAELVHERGENGKHLEAFSIQLVILAIWNQALHICHTQAVSGIEGSLLQDINRVGRNISHGGSEKLLPQIQKEFVQEVERAEELAKFVESDNAKMPDAMEMILQAALALGISGGVDEVMGDAENAGNLYSKAVRLLVFLAVEAQTLILNPPLTLTNSVRYRLRTYIDSLITRLKHLQSHRRTSYPQKQ,1
sp|Q0WPK3|AT18D_ARATH,MDPRRNFQPGGYDSRNTFTSGSFGPPDFGESDEAELVSVSWNQDYSCFAAGTSHGFRIYNCEPFKETFRRELKDGGFKIVEMLFRSNILALVGGGPNSQYPSNKVLIWDDHQGRCISEFTFRSEIRAVKLRRDRIVVVLEHKIYVYNFMDLRLLHQIENMANPRGLCCLSHHMNTSVLACPGIRRGEVRVEHFGLNMVQIINAHDSNIACMTLTLDGLLLATASTKGTLIRIFNTMDGTRLQEVRRGVDRADIYSIALSPNVQWLAVSSDKGTVHIFSLRVRVIGEDAYSTEHETSSNSLQPLVSPASGANPGSSLSFLRGVLPKYFSSEWSFSQFHVPEVTQYFAAFGAQNTIAIIGLDGSFYRCNFDPVNGGEMTQLEHFHFLKQDSPR,1
sp|Q0WWQ1|ATG3_ARATH,MVLSQKLHEAFKGTVERITGPRTISAFKEKGVLSVSEFVLAGDNLVSKCPTWSWESGDASKRKPYLPSDKQFLITRNVPCLRRAASVAEDYEAAGGEVLVDDEDNDGWLATHGKPKDKGKEEDNLPSMDALDINEKNTIQSIPTYFGGEEDDDIPDMEEFDEADNVVENDPATLQSTYLVAHEPDDDNILRTRTYDLSITYDKYYQTPRVWLTGYDESRMLLQPELVMEDVSQDHARKTVTIEDHPHLPGKHASVHPCRHGAVMKKIIDVLMSRGVEPEVDKYLFLFLKFMASVIPTIEYDYTMDFDLGSSST,1
sp|Q8S924|AT12A_ARATH,MATESSSPSSVRKVVVHLRATGGAPILKQSKFKIPGTDKFAKVIDFLRRQLHSDSLFVYVNSAFSPNPDESVIDLYNNFGFDGKLVVNYACSMAWG,1
sp|Q8S925|ATG8H_ARATH,MGIVVKSFKDQFSSDERLKESNNIIAKYPDRIPVIIEKYSNADLPDMEKNKYLVPRDMTVGHFIHMLSKRMQLDPSKALFVFVHNTLPQTASRMDSLYNTFKEEDGFLYMCYSTEKTFG,1
sp|Q8S927|ATG8C_ARATH,MANSSFKLEHPLERRQIESSRIREKYPDRIPVIVERAERSDVPNIDKKKYLVPADLTVGQFVYVVRKRIKLSAEKAIFVFVKNTLPPTAAMMSAIYDENKDEDGFLYMTYSGENTFGLV,1
sp|Q8S929|ATG4A_ARATH,MKALCDRFVPQQCSSSSKSDTHDKSPLVSDSGPSDNKSKFTLWSNVFTSSSSVSQPYRESSTSGHKQVCTTRNGWTAFVKRVSMASGAIRRFQERVLGPNRTGLPSTTSDVWLLGVCYKISADENSGETDTGTVLAALQLDFSSKILMTYRKGFEPFRDTTYTSDVNWGCMIRSSQMLFAQALLFHRLGRAWTKKSELPEQEYLETLEPFGDSEPSAFSIHNLIIAGASYGLAAGSWVGPYAICRAWESLACKKRKQTDSKNQTLPMAVHIVSGSEDGERGGAPILCIEDATKSCLEFSKGQSEWTPIILLVPLVLGLDSVNPRYIPSLVATFTFPQSVGILGGKPGASTYIVGVQEDKGFYLDPHEVQQVVTVNKETPDVDTSSYHCNVLRYVPLESLDPSLALGFYCRDKDDFDDFCLRALKLAEESNGAPLFTVTQTHTAINQSNYGFADDDSEDEREDDWQML,1
sp|Q8VYK7|ATG8F_ARATH,MAKSSFKQEHDLEKRRAEAARIREKYPDRIPVIVEKAEKSDIPTIDKKKYLVPADLTVGQFVYVIRKRIKLSAEKAIFIFVDNVLPPAGALMSSVYEEKKDDDGFLYVTYSGENTFGFGSP,1
sp|Q96326|CCME_ARATH,MAARLLFRRSSQILRSIQRNPQISSSFESPPCPIFHSLTTASPDPSRLSSLTFLRSLSIARRGPTRPKKIDIGAKARQMQNRRLWTYALTFSCIAGFVVIVLNQFQDQLVFYLTPSDAMEKFAENPTKNKFRLGGLVLEGSVAQPAASQEMEFVITDLITDILVRYKGSLPDLFREGHSVVVEGFIKPYTDEVRKEVSTKPISKKARNLDCFFSATEVLAKHDEKYMPQEVAAAIEKNKKIIEAAATEQAAEVAAS,1
sp|Q9LRP7|ATG8I_ARATH,MKSFKEQYTLDERLAESREIIAKYPTRIPVIAEKYCKTDLPAIEKKKFLVPRDMSVGQFIYILSARLHLSPGKALFVFVNNTLPQTAALMDSVYESYKDDDGFVYMCYSSEKTFG,1
sp|Q9LVK3|AT12B_ARATH,MATESPNSVQKIVVHLRATGGAPILKQSKFKVSGSDKFANVIDFLRRQLHSDSLFVYVNSAFSPNPDESVIDLYNNFGFDGKLVVNYACSMAWG,1
sp|Q9LZZ9|ATG8G_ARATH,MSNVSFRQDHDFEKRKAEALRIREKYSDRVPVIVEKSEKSDIPNIDKKKYLVPADLTVGQFVYVIRKRIQLSAEKAIFIFVDNVLPPTGAMMSTIYDENKEEDGFLYVTYSGENTFGSSMT,1
sp|Q9M1Y0|ATG4B_ARATH,MKAICDRFVPSKCSSSSTSEKRDISSPTSLVSDSASSDNKSNLTLCSDVVASSSPVSQLCREASTSGHNPVCTTHSSWTVILKTASMASGAIRRFQDRVLGPSRTGISSSTSEIWLLGVCYKISEGESSEEADAGRVLAAFRQDFSSLILMTYRRGFEPIGDTTYTSDVNWGCMLRSGQMLFAQALLFQRLGRSWRKKDSEPADEKYLEILELFGDTEASAFSIHNLILAGESYGLAAGSWVGPYAVCRSWESLARKNKEETDDKHKSFSMAVHIVSGSEDGERGGAPILCIEDVTKTCLEFSEGETEWPPILLLVPLVLGLDRVNPRYIPSLIATFTFPQSLGILGGKPGASTYIVGVQEDKGFYLDPHDVQQVVTVKKENQDVDTSSYHCNTLRYVPLESLDPSLALGFYCQHKDDFDDFCIRATKLAGDSNGAPLFTVTQSHRRNDCGIAETSSSTETSTEISGEEHEDDWQLL,1
sp|Q9SL04|ATG8D_ARATH,MAISSFKHEHPLEKRQAEAARIREKYPDRIPVIVERAEKSDVPDIDRKKYLVPADLTVGQFVYVVRKRIKLSPEKAIFIFVKNILPPTAAIMSAIYEEHKDEDGFLYMSYSGENTFGIFF,1
sp|Q9XEB5|ATG8B_ARATH,MEKNSFKLSNPLEMRMAESTRIRAKYPERVPVIVEKAGQSDVPDIDKKKYLVPADLTIGQFVYVVRKRIKLGAEKAIFVFVKNTLPPTAALMSAIYEEHKDEDGFLYMTYSGENTFGGSFYC,1
sp|F4K265|AT101_ARATH,MNCEVCQLKELEVESFEIREVLRCILHTIVFHRALGLIRPKDIDLELFEITYVQCGEIEVEKKIDEKIEQFINWIEKHPNKKSQICLSFYEVKSKQPSWFTKIERLYWEQWYINLNVLQPTKPPVGKSHHSKLVMDPGEASEERSSRRTLLEQSLQEVLFQIIKFVNEKKDHVPPINDGVIYYPFEITIPSSSDSAFGMDMFKRILHSGHPSMLG,1
sp|Q8GUL1|AT18G_ARATH,MMKKGKGKNSGLLPNSFKIISSCLKTVSANATNVASSVRSAGASVAASISAAEDDKDQVTWAGFGILELGQHVTRHVLLLGYQNGFQVFDVEDASNFNELVSKRGGPVSFLQMQPLPARSGDHEGFWNSHPLLLVVAGDETNGTGLGHSFSQNGSLARDGSSDSKAGDAINYPTTVRFYSLRSHSYVYVLRFRSSVCMIRCSSRVVAVGLANQIYCVDALTLENKFSVLTYPVPQPVRQGTTRVNVGYGPMAVGPRWLAYASKSSMTMKTGRLSPQTFTSSPSLSPSSSSGGSSFMARYAMESSKQLANGLINLGDMGYKTLSKYCQDMLPDGSTSPASPNAIWKVGGVSGSDAENAGMVAVKDLVSGALVSQFKAHTSPISALCFDPSGTLLVTASVCGNNINVFQIMPSRSHNAPGDLSYEWESSHVHLFKLHRGITSAIVQDICFSQQSQWVAIISSKGTCHIFVLNSSGSDAAFQPCEGEEPTRLPASSLPWWFTQSLSSNQQSLSPPTAVALSVVSRIKYSSFGWLNTVSNATTAATGKVFVPSGAVAAVFHKSVTHDLQLNSRTNALEHILVYTPSGHVVQHELLPSVCTESPENGLRVQKTSHVQVQEDDLRVKVEPIQWWDVCRRSDWLETEERLPKSITEKQYDLETVSNHLTSHEDACLSLDMNSHFSEDKYLKSCSEKPPERSHCYLSNFEVKVTSGMLPVWQNSKISFHVMDSPRDSSSTGGEFEIEKVPAHELEIKQKKLLPVFDHFHSTKATLEDRFSMKCYHTSATGSHQVNGKICQDIINCHSKPGSIESAESSEEGSTKQMENLHDSDHMSNSIKSSLPLYPTVNGIYKEIEKNNANGWMEKPVTAKLSTLKETRITNGFTTPPILTDSVNEQMLSTGKPPMGFGFALHEEHCKAVADPKEEHLKKKLDEVTNVHHLNVNNNNTEKLQGDKMVHGMVSFVGD,1
sp|Q8GYD7|AT18C_ARATH,MSSTVSNPQGILQPGSFLLPESESMKKEEAELVSVCWNQDSSCFAAGTSHGFRIYNCEPFKETFRRELKDGGFKIVEMLFRSNILALVGGGPNSQYPSSKVLIWDDHQSRCISEFAFRSEIRAVKLRRDRIVVVLEHKIYVYNFMDLRLLHQIETQANPRGLCCLSHHSNTSVLACPGLNRGEIRVEHFGLNMVQIINAHDSSIACMTLTLDGLLLATASTKGTLIRIFNTMDGTRLQEVRRGVDRADIYSIALSPNVQWLAVSSDKGTVHIFSLRVRVVGEDSYSTENGALLTQQNYSNSLQGLVSPTIGTNPGSSLSFMRGVLPKYFSSEWSYAQFHVSEVTQFFAAFGSNNTVAIIGMDGSFYRCSFDPVNGGEMGQLEYIHFMKMDNRP,1
sp|Q8H1Q5|AT18H_ARATH,MKSNSKVNINNNGDNHNQTKNNGTNGFLPNSLKFISTCIRTASSGVRSASASVAASLSSDSHELKDQVLWSSFDRLHTSESSFKNVLLLGYTNGFQVLDIDDSNDVTEFVSRRDDPVTFLQMQPLPAKCDGVEGFRSSHPILLAVADEAKGSGPIVTSRDGSVRNGYEDPLALSPTVVRFYSLRSHNYVHVLRFRSTVYMVRCSPRIVAVGLGSQIYCFDALTLENKFSVLSYPVPQLGNQGISGVNVGYGPMAVGARWLAYASNSPLSSSIGRLSPQNVTPPGVSPSTSPNNGNLVARYAMESSKHLAAGLLNLGDKGYKTISKYCQDLKHDGPGPSLSSSPGRKVGRVGSHSAESDVVGTVIVKDFESRAIIAQFRAHTSPISALCFDPSGTLLVTASIHGNNINVFRIMPTPTKNGPGAQSYDWSSSHVPLYKLHRGMTSAVIQDICFSSYSQWIAIVSSKSTCHIYVLSPFGGENVLEIRNSQFDGPTLAPTLSLPWWSSPSFMTTHFSYPPPASVTLSVVSRIKCNNFFHAASSVVGKPTFPSGCLAAVFHQSVPQESQSSSPALDYLLVYTPSGHVVQYKLIPSLGGDQAESNTRNGATSGLTSEEELRVKVEPVQCWDVCRRADWPEREENICGLTYGGRKNAELTVDTSDSEDQTKPLEKHHVYLANAEVLINSGRKPIWQNSEISFYPMYPPDSDGKNLNSHQGGGETEIGKVSANEVDIRRKDLLPVYDNFHSVYTSMRNRGFSGERDSDSSSSSDPGQVKEMHPFNGMVYPEDEERRGSAHFALTPNQNPHTGIVTFKQPVVSISSAVKDTDYIDDDAHVLPKNASLPAETKIENSSGISGDSNVSSNRSDMSMNAADEGEGPIDGSPNFEQFFEEVVSNETVTETEHKDAPSDGKLDDDEDDDMLGGVFAFSEEG,1
sp|Q8H1Q8|AT18B_ARATH,MANLSSLPSPIYCVSFNQDNSGFAISWKDSFKIFDSTTGRLCYERAAGAFVIVEMLYSSDLLAIVGAGEQASLSPRRLCLFKTTTGLPLRELNFLTSILAVRMNKKRLVVVLLEKTFVYDLNTLVMLDTIDTVPNPKGLSAFSPSLEGCYLAVPASTTKGSVLVYNVMDLQSHSEIDAHRSPLAAIALSSNGMYIATGSEQGTLIRVHLVSEATKSYSFRRGTYPSTIYSLSFGPSTQLPDILIATSSSGSIHAFSLSLAINQRSKRSTSFLGSVLPDSVSDALDPAHHHVLQNAVSSGIRSYAVVRKIDKLEGTSSPSHFTSLRATVSVITYNGYFQEYTLSINNKNESLWTLEREFNLFSITTG,1
sp|Q9FH32|AT18F_ARATH,MKKNGDGSSPKSPDGVVSRSARSSFRALSNCLKVISSGASTVARSAVSAASSAVESHHDQVLWAGFDNLQKEDGDTRRVLLLAFKSGFQVWDVEDTENVHVIVSAHDGQAFFMQMLLNPINSGVLDDRFYKSRPLLAVCGDYSSKKISSDNPGSETVATPTNVYVYSLKSQSYVHTLKFRATIYSVRCCSRIVAVLQAAQIDCFDAATLEMDYRIVTNSIVCGSLGVGYGPLAVGPRWIAYSGSRIATSSSAIFTSEIVSLSTSSPSVAQFARDSSKQLASGIANLGDKGYRSLTKYCSEVLPNPYIPGLKGIGVGNEKVADAESIGMVIVKDITNKSVITQFKAHKSPISALCFDQSGLLLVTASIQGHNINVFRIMPTISTSRAVKTTTFAHLFRLQRGFTNAVIQDICFSKDSNLIVVGSSRGTSHLFEINPEKEGDAPVPMSAISRIRSGNSSGWIGTVSGAASAAAGMVAGSVPGTVTSTFCYCDEKSNNNYYGSVADMCSKTNLLVFAPSGCMTQYALREHQVGVGHETAAMTGFDSESGLETEGKLAVDPIRRWSMIQNQSRRETHDPHSDIYGGGTSVDSKSKVFPEVVRKQSVEEAWKVSKKGTTRVVDKRHLYIYEAEQQQTHLPTQLPLWARRKFRFQELVLNRGEEISGGGGREMEIEGIQTRTIEARTRDLVPVWGYLQSPRSQQVINESIQSPSTTTQDDKVATLEGHGTETDLGAVHSEEQTQSEPVDKEGIAEEKNHSEDEDEEQVD,1
sp|Q9FHK8|AT18E_ARATH,MNSIVSTVRGILTLSRSETFDSPRDEAKSDLKVLSVAWNQVCSGFIVGTNHGFNVYSCKPMIKKSISRAPHESGFKVAEMLFLSNLFAFVGNGYNNSEYPPNKVFVWDDYRNCCLSELTFKSEVIAVKLAREHVVVVLKQNIYVYTFNNLKVDRVIETLMNPKGLCCVTHVESKAVLACPGFHPGQVQVHDLRWNVIKFIKAHDSAIACMTLTLDGSLLATASTKGTLIRIFNAVDGTLLQEFRRGVERAEIYNVAISSNLKWVAASSEKGTLHVFRLRPDILSFDPASSSSFIRVILPKYLYENERSFAQFSLPASTKFIVGFGSENTVLLVGIDGSFRRCKFDHADGGQMVELEHKYFFSLQETGNTMVGGV,1
sp|Q6NNP0|ATG16_ARATH,MVQEEKAMEAINDALRALRKRHLLEEGAHAPAISALSKPLISQGSEWKEKTEKLETELQQCYKAQSRLSEQLVIEVAESRTSKAILQEKELLINDLQKELTQRREDCTRLQEELEEKTKTVDVLIAENLEIRSQLEEMTSRVQKAETENKMLIDRWMLQKMQDAERLNEANDLYEEMLAKLKANGLETLARQQVDGIVRRNEDGTDHFVESTIPSTCANRIHAHEGGCGSIVFEYNSGTLFTGGQDRAVKMWDTNSGTLIKSLYGSLGNILDMAVTHDNKSVIAATSSNNLFVWDVSSGRVRHTLTGHTDKVCAVDVSKFSSRHVVSAAYDRTIKLWDLHKGYCTNTVLFTSNCNAICLSIDGLTVFSGHMDGNLRLWDIQTGKLLSEVAGHSSAVTSVSLSRNGNRILTSGRDNVHNVFDTRTLEICGTLRASGNRLASNWSRSCISPDDDYVAAGSADGSVHVWSLSKGNIVSILKEQTSPILCCSWSGIGKPLASADKNGYVCTWT,1
sp|X5JB51|SECAB_ARATH,MTERIRARGPRSSSVNSVPLILDIEDFKGDFSFDALFGNLVNDLLPSFLDEEADSGDGHGNIAGVDGLTNGHLRGQSAPLSSAPFFPEVDGLLSLFKDACKELVDLRKQVDGRLNTLKKEVSTQDSKHRKTLTEIEKGVDGLFESFARLDGRISSVGQTAAKIGDHLQSADAQRETASQTIDLIKYLMEFNGSPGDLMELSALFSDDSRVAEAASIAQKLRSFAEEDIGRQGASTAAGNATPGRGLEVAVANLQDYCNELENRLLSRFDAASQRRDLSTMSECAKILSQFNRGTSAMQHYVATRPMFIDVEVMNSDIRLVLGDHGSQPSPSNVARGLSALFKEITDTVRKEAATITAVFPTPNEVMAILVQRVLEQRVTGILDKILAKPSLMSPPPVQEGGLLLYLRMLAVAYERTQELAKDLRAVGCGDLDVEDLTESLFSSHKDEYPEHERASLKQLYQAKMEELRAESQQVSESSGTIGRSKGASISSSLQQISVTFVTEFVRWNEEAITRCTLFSSQPATLAANVKAIFTCLLDQVSVYITEGLERARDSLSEAAALRERFVLGTSVSRRVAAAAASAAEAAAAAGESSFKSFMVAVQRCGSSVAIVQQYFANSISRLLLPVDGAHAASCEEMSTALSKAEAAAYKGLQQCIETVMAEVDRLLSSEQKSTDYRSPDDGIASDHRPTNACIRVVAYLSRVLESAFTALEGLNKQAFLTELGNRLEKLLLTHWQKFTFNPSGGLRLKRDLNEYVGFVKSFGAPSVDEKFELLGIIANVFIVAPDSLPTLFEGSPSIRKDAQRFIQLREDYKSAKLATKLSSLWPSLS,0
sp|X5JA13|SECAA_ARATH,MTEGIRARGPRSSSVNSVPLILDIEDFKGDFSFDALFGNLVNDLLPSFLDEEADSGDGHGNIAGVDGLTNGHLRGQSAPLSSAPFFPEVDGLLSLFKDACKELVDLRKQVDGRLNTLKKEVSTQDSKHRKTLTEIEKGVDGLFESFARLDGRISSVGQTAAKIGDHLQSADAQRETASQTIDLIKYLMEFNGSPGDLMELSALFSDDSRVAEAASIAQKLRSFAEEDIGRQGASAAAGNATPGRGLEVAVANLQDYCNELENRLLSRFDAASQRRDLSTMSECAKILSQFNRGTSAMQHYVATRPMFIDVEVMNSDIRLVLGDHGSQPSPSNVARGLSALFKEITDTVRKEAATITAVFPTPNEVMAILVQRVLEQRVTGILDKILAKPSLMSPPPVQEGGLLLYLRMLAVAYERTQELAKDLRAVGCGDLDVEDLTESLFSSHKDEYPEHERASLKQLYQAKMEELRAESQQVSESSGTIGRSKGASISSSLQQISVTVVTDFVRWNEEAITRCTLFSSQPATLAANVKAIFTCLLDQVSVYITEGLERARDSLSEAAALRERFVLGRRVAAAAASAAEAAAAAGESSFKSFMVAVQRCGSSVAIVQQYFANSISRLLLPVDGAHAASCEEMSTALSKAEAAAYKGLQQCIETVMAEVDRLLSSEQKSTDYRSTDDGIASDHRPTNACIRVVAYLSRVLESAFTALEGLNKQAFLTELGNRLEKLLLTHWQKFTFNPSGGLRLKRDLNEYVGFVKSFGAPSVDEKFELLGIIANVFIVAPDSLPTLFEGSPSIRKDAQRFIQLREDYKSAKLATKLSSLWPSLS,0
sp|Q9ZWT3|PHT16_ARATH,MANEEQGSILKALDVAKTQWYHVTAVVVSGMGFFTDSYDLFVISLITKLLGRIYYQVPGSSSPGSLPDGISAAVSGVAFAGTFIGQIFFGCLGDKLGRKRVYGLTLLIMTICSICSGLSLGRDPKTVMVTLCFFRFWLGFGIGGDYPLSATIMSEYSNKRTRGAFIAAVFGMQGIGILAAGAVSLLVSAVFESKFPSRAYILDGAASTVPQADYVWRIILMVGALPALLTYYWRMKMPETARYTALVSKNAEQAALDMTKVLNVDIEASAAKNDQARVSSDEFGLFSMKFLRRHGLHLLGTASTWFLLDIAFYSQNLFQKDIFTTIGWLPSAKTMNAIQELYMIAKAQTIIACCSTVPGYFFTVGFIDYMGRKKIQIMGFAMMTIFMLSLAIPYHHWTLPANRIGFVVLYSFTFFFSNFGPNATTFIVPAEIFPARIRSTCHGISAASGKAGAMVGSFGFSALVKALGMSNTLYIMAGINLLGLLLTFTIPETNGKSLEELSGETEPEKIKEKIVV,0
sp|Q9ZWT2|CYB5D_ARATH,MGGDGKVFTLSEVSQHSSAKDCWIVIDGKVYDVTKFLDDHPGGDEVILTSTGKDATDDFEDVGHSSTAKAMLDEYYVGDIDTATVPVKAKFVPPTSTKAVATQDKSSDFVIKLLQFLVPLLILGLAFGIRYYTKTKAPSS,0
sp|Q9ZWT1|LIAS_ARATH,MHSRSALLYRFLRPASRCFSSSSAVTPVTVTQSPKSLEALRARLANESPSLTDFIHGDTYSVEVGTKKKPLPKPKWMKESIPGGERYVQIKKKLRDLKLHTVCEEAKCPNLGECWSGGETGTATATIMILGDTCTRGCRFCNVKTSRTPPPPDPNEPNNVAEAIASWGVDYVVITSVDRDDLPDQGSGHFAETVQRLKFLKPEMLIEALVPDFRGDGGCVEKVSKSGLDVLAHNIETVEELQSFVRDHRANFKQSLDVLRMAKEYAPAGTLTKTSVMLGCGETPDQVVKTMEKVRAAGVDVMTFGQYMRPSKRHMPVAEYVTPDAFERYRLLGMEMGFRYVASGPMVRSSYKAGEYYIKSMIEADRVASPSTSP,0
sp|Q9ZWS9|ARR3_ARATH,MAKDGGVSCLRRSEMIGIGIGELESPPLDSDQVHVLAVDDSLVDRIVIERLLRITSCKVTAVDSGWRALEFLGLDDDKAAVEFDRLKVDLIITDYCMPGMTGYELLKKIKESTSFKEVPVVIMSSENVMTRIDRCLEEGAEDFLLKPVKLADVKRLRSYLTRDVKVAAEGNKRKLTTPPPPPPLSATSSMESSDSTVESPLSMVDDEDSLTMSPESATSLVDSPMRSPGLA,0
sp|Q9ZWS7|ARR7_ARATH,MAVGEVMRMEIPAGGDLTVTTPELHVLAVDDSIVDRKVIERLLRISSCKVTTVESGTRALQYLGLDGGKGASNLKDLKVNLIVTDYSMPGLSGYDLLKKIKESSAFREVPVVIMSSENILPRIQECLKEGAEEFLLKPVKLADVKRIKQLIMRNEAEECKILSHSNKRKLQEDSDTSSSSHDDTSIKDSSCSKRMKSESENLFSLL,0
sp|Q9ZWS6|ARR6_ARATH,MAEVMLPRKMEILNHSSKFGSPDPLHVLAVDDSHVDRKFIERLLRVSSCKVTVVDSATRALQYLGLDVEEKSVGFEDLKVNLIMTDYSMPGMTGYELLKKIKESSAFREVPVVIMSSENILPRIDRCLEEGAEDFLLKPVKLSDVKRLRDSLMKVEDLSFTKSIQKRELETENVYPVHSQLKRAKI,0
sp|Q9ZWM9|RAV1_ARATH,MESSSVDESTTSTGSICETPAITPAKKSSVGNLYRMGSGSSVVLDSENGVEAESRKLPSSKYKGVVPQPNGRWGAQIYEKHQRVWLGTFNEEDEAARAYDVAVHRFRRRDAVTNFKDVKMDEDEVDFLNSHSKSEIVDMLRKHTYNEELEQSKRRRNGNGNMTRTLLTSGLSNDGVSTTGFRSAEALFEKAVTPSDVGKLNRLVIPKHHAEKHFPLPSSNVSVKGVLLNFEDVNGKVWRFRYSYWNSSQSYVLTKGWSRFVKEKNLRAGDVVSFSRSNGQDQQLYIGWKSRSGSDLDAGRVLRLFGVNISPESSRNDVVGNKRVNDTEMLSLVCSKKQRIFHAS,0
sp|Q9ZWJ9|ARR2_ARATH,MVNPGHGRGPDSGTAAGGSNSDPFPANLRVLVVDDDPTCLMILERMLMTCLYRVTKCNRAESALSLLRKNKNGFDIVISDVHMPDMDGFKLLEHVGLEMDLPVIMMSADDSKSVVLKGVTHGAVDYLIKPVRIEALKNIWQHVVRKKRNEWNVSEHSGGSIEDTGGDRDRQQQHREDADNNSSSVNEGNGRSSRKRKEEEVDDQGDDKEDSSSLKKPRVVWSVELHQQFVAAVNQLGVDKAVPKKILEMMNVPGLTRENVASHLQKYRIYLRRLGGVSQHQGNMNHSFMTGQDQSFGPLSSLNGFDLQSLAVTGQLPPQSLAQLQAAGLGRPTLAKPGMSVSPLVDQRSIFNFENPKIRFGDGHGQTMNNGNLLHGVPTGSHMRLRPGQNVQSSGMMLPVADQLPRGGPSMLPSLGQQPILSSSVSRRSDLTGALAVRNSIPETNSRVLPTTHSVFNNFPADLPRSSFPLASAPGISVPVSVSYQEEVNSSDAKGGSSAATAGFGNPSYDIFNDFPQHQQHNKNISNKLNDWDLRNMGLVFSSNQDAATATATAAFSTSEAYSSSSTQRKRRETDATVVGEHGQNLQSPSRNLYHLNHVFMDGGSVRVKSERVAETVTCPPANTLFHEQYNQEDLMSAFLKQEGIPSVDNEFEFDGYSIDNIQV,0
sp|Q9ZWJ3|U85A2_ARATH,MGSHVAQKQHVVCVPYPAQGHINPMMKVAKLLYAKGFHITFVNTVYNHNRLLRSRGPNAVDGLPSFRFESIPDGLPETDVDVTQDIPTLCESTMKHCLAPFKELLRQINARDDVPPVSCIVSDGCMSFTLDAAEELGVPEVLFWTTSACGFLAYLYYYRFIEKGLSPIKDESYLTKEHLDTKIDWIPSMKNLRLKDIPSFIRTTNPDDIMLNFIIREADRAKRASAIILNTFDDLEHDVIQSMKSIVPPVYSIGPLHLLEKQESGEYSEIGRTGSNLWREETECLDWLNTKARNSVVYVNFGSITVLSAKQLVEFAWGLAATGKEFLWVIRPDLVAGDEAMVPPEFLTATADRRMLASWCPQEKVLSHPAIGGFLTHCGWNSTLESLCGGVPMVCWPFFAEQQTNCKFSRDEWEVGIEIGGDVKREEVEAVVRELMDEEKGKNMREKAEEWRRLANEATEHKHGSSKLNFEMLVNKVLLGE,0
sp|Q9ZWI7|RER1C_ARATH,MESAATAVVPPAAAATTATATDDNLQSSDSSSPADAVNRLIHAFSQRQQHLLDKTVPHVLYRWIACLCVVLIYIVRVYFVEGFYIITYAIGIYLLNLIIAFLSPQEDPEASLTSGGSLPTRRSDEYRPFVRRLPEFKFWLSIIRAFIIGFMMTFFEVFDVPVFWPILLFYWVMLFFLTMRKQIQHMIKYRYVPFSFGKKQYGKKPAPTESSE,0
sp|Q9ZWG1|PUMP2_ARATH,MADFKPRIEISFLETFICSAFAACFAELCTIPLDTAKVRLQLQRKIPTGDGENLPKYRGSIGTLATIAREEGISGLWKGVIAGLHRQCIYGGLRIGLYEPVKTLLVGSDFIGDIPLYQKILAALLTGAIAIIVANPTDLVKVRLQSEGKLPAGVPRRYAGAVDAYFTIVKLEGVSALWTGLGPNIARNAIVNAAELASYDQIKETIMKIPFFRDSVLTHLLAGLAAGFFAVCIGSPIDVVKSRMMGDSTYRNTVDCFIKTMKTEGIMAFYKGFLPNFTRLGTWNAIMFLTLEQVKKVFLREVLYD,0
sp|Q9ZWD1|PR1G1_ARATH,MLAPGESVLIPAEEISLSAGDVISLSVHNLIASVSSYRPWWSEFLAFGSIDRPSSFSPAVSRVKLNLHHFAVNYVLLTAASITLFLIGDPMALVTVASFVAMWLLLYFYRDHPLVLYGRHISDRVIVFGLILGSLWALWFINSLQCLILGVVTSVLLCLVHAIIRNSDDLFVQEKDVVVPSNFLHWS,0
sp|Q9ZWC8|BRL1_ARATH,MKQRWLLVLILCFFTTSLVMGIHGKHLINDDFNETALLLAFKQNSVKSDPNNVLGNWKYESGRGSCSWRGVSCSDDGRIVGLDLRNSGLTGTLNLVNLTALPNLQNLYLQGNYFSSGGDSSGSDCYLQVLDLSSNSISDYSMVDYVFSKCSNLVSVNISNNKLVGKLGFAPSSLQSLTTVDLSYNILSDKIPESFISDFPASLKYLDLTHNNLSGDFSDLSFGICGNLTFFSLSQNNLSGDKFPITLPNCKFLETLNISRNNLAGKIPNGEYWGSFQNLKQLSLAHNRLSGEIPPELSLLCKTLVILDLSGNTFSGELPSQFTACVWLQNLNLGNNYLSGDFLNTVVSKITGITYLYVAYNNISGSVPISLTNCSNLRVLDLSSNGFTGNVPSGFCSLQSSPVLEKILIANNYLSGTVPMELGKCKSLKTIDLSFNELTGPIPKEIWMLPNLSDLVMWANNLTGTIPEGVCVKGGNLETLILNNNLLTGSIPESISRCTNMIWISLSSNRLTGKIPSGIGNLSKLAILQLGNNSLSGNVPRQLGNCKSLIWLDLNSNNLTGDLPGELASQAGLVMPGSVSGKQFAFVRNEGGTDCRGAGGLVEFEGIRAERLERLPMVHSCPATRIYSGMTMYTFSANGSMIYFDISYNAVSGFIPPGYGNMGYLQVLNLGHNRITGTIPDSFGGLKAIGVLDLSHNNLQGYLPGSLGSLSFLSDLDVSNNNLTGPIPFGGQLTTFPVSRYANNSGLCGVPLRPCGSAPRRPITSRIHAKKQTVATAVIAGIAFSFMCFVMLVMALYRVRKVQKKEQKREKYIESLPTSGSCSWKLSSVPEPLSINVATFEKPLRKLTFAHLLEATNGFSAETMVGSGGFGEVYKAQLRDGSVVAIKKLIRITGQGDREFMAEMETIGKIKHRNLVPLLGYCKVGEERLLVYEYMKWGSLETVLHEKSSKKGGIYLNWAARKKIAIGAARGLAFLHHSCIPHIIHRDMKSSNVLLDEDFEARVSDFGMARLVSALDTHLSVSTLAGTPGYVPPEYYQSFRCTAKGDVYSYGVILLELLSGKKPIDPGEFGEDNNLVGWAKQLYREKRGAEILDPELVTDKSGDVELFHYLKIASQCLDDRPFKRPTMIQLMAMFKEMKADTEEDESLDEFSLKETPLVEESRDKEP,0
sp|Q9ZWC6|ATB_ARATH,MEEVTRSVLAEEILKRLDLENLCSVACVSTTLRSAVVSGVLPSLTSLDLSVFSPDDETLNHVLRGCIGLSSLTLNCLRLNAASVRGVLGPHLRELHLLRCSLLSSTVLTYIGTLCPNLRVLTLEMADLDSPDVFQSNLTQMLNGCPYLESLQLNIRGILVDATAFQSVRFSLPETLKALRLQPLLESEAILLMNRFKVTGTYLSQPDYNSALLSPSPSFTLQSLSLVLDLISDRLIIAITGSLPQLVKLDLEDRPEKEPFPDNDLTYTGLQALGFCQQLTSLSLVRTCYNRKISFKRINDMGIFLLSEACKGLESVRLGGFPKVSDAGFASLLHSCRNLKKFEVRGAFLLSDLAFHDVTGSSCSLQEVRLSTCPLITSEAVKKLGLCGNLEVLDLGSCKSISDSCLNSVSALRKLTSLNLAGADVTDSGMLALGKSDVPITQLSLRGCRRVSDRGISYLLNNEGTISKTLSTLDLGHMPGISDRAIHTITHCCKALTELSIRSCFHVTDSSIESLATWERQAEGGSKQLRKLNVHNCVSLTTGALRWLSKPSFAGLHWLGMGQTRFAGRKETVTAMICGQRPWLTLCFDGCELGCSDGWEFHTPQRH,0
sp|Q9ZWC5|SCL18_ARATH,MLTSFKSSSSSSEDATATTTENPPPLCIASSSAATSASHHLRRLLFTAANFVSQSNFTAAQNLLSILSLNSSPHGDSTERLVHLFTKALSVRINRQQQDQTAETVATWTTNEMTMSNSTVFTSSVCKEQFLFRTKNNNSDFESCYYLWLNQLTPFIRFGHLTANQAILDATETNDNGALHILDLDISQGLQWPPLMQALAERSSNPSSPPPSLRITGCGRDVTGLNRTGDRLTRFADSLGLQFQFHTLVIVEEDLAGLLLQIRLLALSAVQGETIAVNCVHFLHKIFNDDGDMIGHFLSAIKSLNSRIVTMAEREANHGDHSFLNRFSEAVDHYMAIFDSLEATLPPNSRERLTLEQRWFGKEILDVVAAEETERKQRHRRFEIWEEMMKRFGFVNVPIGSFALSQAKLLLRLHYPSEGYNLQFLNNSLFLGWQNRPLFSVSSWK,0
sp|Q9ZWB9|FAO1_ARATH,MVGGRRLGKRGSPLLRWSVKQESFSHGFSKSDLQALSSICDAIMPPVPLESLNLEMKLKVLRNDALLSFFKSSSSESHVRPDEVAELLATKAIPLTVLVVRIVLRILTFRLGTLLLCGLVCLDKKHWPFLLKFSEMSLEKREKVLQRWNTQWYNPLARIGFMMIKAIFLFYYFTWTNENSENPVWDAINYSVEIGENEDMEQKERPLDEGIIETAKEDEMTIKQRMINKGLKVTEDRERDTYKIECDAVVVGSGCGGGVAAAILAKSGLRVVVIEKGNYFAPRDYSALEGPSMFELFESNSLMMTHDGRFRFMAGSTVGGGSVVNWAASLKTPDAIIEEWSVHRGISIYSSEKYKAAMGIVCKRLGVTEKIIREGFQNQILRKGCEKLGLDVTIVPRNSTEKHYCGSCSYGCPTGEKRGTDSTWLVDAVNNNAVILTQCKAEKLILADNDANKREESGRRKRCLGVAASLSHQTRKKLQINAKVTIVACGSLKTPGLLASSGLKNSNISRGLHIHPIMMAWGYFPEKNSELEGAAHEGEIVTSLHYVHPMDSTTPNITLETPAIGPGTFAALTPWVSGSDMKERMAKYARTAHIFAMVRDEGVGEVKGDIVKYRLTKADEENLTIGLKQALRILVAAGAAEVGTYRSDGQRMKCDGIKQKDLEAFLDTVNAPPGVVSMSKHWTQSFTAHQIGCCRMGATEKEGAIDGKGESWEAEDLYVCDASVLPTALGVNPMITVQSTAYCISNRIAELMKKRKKD,0
sp|Q9ZWB8|RIC8_ARATH,MINLHNAENEKEAEMQIGTPTDVKHVAHIGWDGGSVNHNPPSWMKDFKVLGGYSPALIGNIKEDASCIFEDSTRSRDIPRLPKSSRERSSTLGGSPTKERSRRRGSSQYNGNPKVSRRSSKESSAIPQDGGFNKKSRRKKSKDCVDGGSRRSSRRVRGSQVESISDSSSTSDAGYLT,0
sp|Q9ZWB7|PCS2_ARATH,MSMASLYRRSLSPPAIDFASFEGKQIFNEALQKGTMEGFFGLISYFQTQSEPAFCGLASLSMVLNSLSIDPGRKWKGPWRWFDESMLECCEPLEIVKDKGISFGKVVCLAHSSGAKVEAFRTNQSTIDDFRKYVVKCSTSDNCHMISTYHRQVLKQTGTGHFSPIGGYNAERDMALILDVARFKYPPHWVPLKLLWDAMDSIDQSTGRRRGFMLISRPHREPGLLYTLSCKDESWISIAKYLKEDVPRLVSSQHVDTIERILYVVFKSLPANFNQFIKWMAEIRRTEDVNQNLSSEEKSRLKLKQELLKQVQETKLFKHVDKFLSSVYEDNLPYVAAKVYCDGDEILSGYESDESCCKETCVKCIKGLGEEKVTVVAYPSGNDVFTALLLALPPQTWSGIKDQSLLQEMKQLISMVSHPTLLQQEVLHLRRQLEMLKRCQENKEDEELSAPA,0
sp|Q9ZWB4|3AT1_ARATH,MVAHLQPPKIIETCHISPPKGTVPSTTLPLTFFDAPWLSLPLADSLFFFSYQNSTESFLQDFVPNLKHSLSITLQHFFPYAGKLIIPPRPDPPYLHYNDGQDSLVFTVAESTETDFDQLKSDSPKDISVLHGVLPKLPPPHVSPEGIQMRPIMAMQVTIFPGAGICIGNSATHVVADGVTFSHFMKYWMSLTKSSGKDPATVLLPSLPIHSCRNMIKDPGEVGAGHLERFWSQNSAKHSSHVTPENMVRATFTLSRKQIDNLKSWVTEQSENQSPVSTFVVTLAFIWVSLIKTLVQDSETKANEEDKDEVFHLMINVDCRNRLKYTQPIPQTYFGNCMAPGIVSVKKHDLLGEKCVLAASDAITARIKDMLSSDLLKTAPRWGQGVRKWVMSHYPTSIAGAPKLGLYDMDFGLGKPCKMEIVHIETGGSIAFSESRDGSNGVEIGIALEKKKMDVFDSILQQGIKKFAT,0
sp|Q9ZWB3|CKL9_ARATH,MDLVIGGKFKLGRKIGSGSFGELYLGINVQTGEEVAVKLESVKTKHPQLHYESKLYMLLQGGTGVPNLKWYGVEGDYNVMVIDLLGPSLEDLFNYCNRKLSLKTVLMLADQLINRVEFMHTRGFLHRDIKPDNFLMGLGRKANQVYIIDFGLGKKYRDLQTHRHIPYRENKNLTGTARYASVNTHLGVEQSRRDDLEALGYVLMYFLKGSLPWQGLKAGTKKQKYDRISEKKVATPIEVLCKNQPSEFVSYFRYCRSLRFDDKPDYSYLKRLFRDLFIREGYQFDYVFDWTVLKYPQIGSSSGSSSRTRNHTTANPGLTAGASLEKQERIAGKETRENRFSGAVEAFSRRHPATSTTRDRSASRNSVDGPLSKHPPGDSERPRSSSRYGSSSRRAIPSSSRPSSAGGPSDSRSSSRLVTSTGGVGTVSNRASTSQRIQAGNESRTSSFSRAARNTREDPLRRSLELLTLRK,0
sp|Q9ZWA9|CRU4_ARATH,MHKLLFSLLSVVSLSFLLFFHGAEARQREAPFPNACHFSQINSLAPAQATKFEAGQMEVWDHMSPELRCAGVTVARITLQPNSIFLPAFFSPPALAYVVQGEGVMGTIASGCPETFAEVEGSSGRGGGGDPGRRFEDMHQKLENFRRGDVFASLAGVSQWWYNRGDSDAVIVIVLDVTNRENQLDQVPRMFQLAGSRTQEEEQPLTWPSGNNAFSGFDPNIIAEAFKINIETAKQLQNQKDNRGNIIRANGPLHFVIPPPREWQQDGIANGIEETYCTAKIHENIDDPERSDHFSTRAGRISTLNSLNLPVLRLVRLNALRGYLYSGGMVLPQWTANAHTVLYVTGGQAKIQVVDDNGQSVFNEQVGQGQIIVIPQGFAVSKTAGETGFEWISFKTNDNAYINTLSGQTSYLRAVPVDVIKASYGVNEEEAKRIKFSQQETMLSMTPSSSS,0
sp|Q9ZWA8|FLA9_ARATH,MATTRLTLAPLLLIAAVLLATKATAQPAAPAPEPAGPINLTAILEKGGQFTTFIHLLNITQVGSQVNIQVNSSSEGMTVFAPTDNAFQNLKPGTLNQLSPDDQVKLILYHVSPKYYSMDDLLSVSNPVRTQASGRDNGVYGLNFTGQTNQINVSTGYVETRISNSLRQQRPLAVYVVDMVLLPGEMFGEHKLSPIAPAPKSKSGGVTDDSGSTKKAASPSDKSGSGEKKVGLGFGLGLIVLCLKFLF,0
sp|Q9ZWA6|IDD3_ARATH,MTTEDQTISSSGGYVQSSSTTDHVDHHHHDQHESLNPPLVKKKRNLPGNPDPEAEVIALSPKTLMATNRFLCEICGKGFQRDQNLQLHRRGHNLPWKLKQRTSKEVRKRVYVCPEKSCVHHHPTRALGDLTGIKKHFCRKHGEKKWKCEKCAKRYAVQSDWKAHSKTCGTREYRCDCGTIFSRRDSFITHRAFCDALAEETARLNAASHLKSFAATAGSNLNYHYLMGTLIPSPSLPQPPSFPFGPPQPQHHHHHQFPITTNNFDHQDVMKPASTLSLWSGGNINHHQQVTIEDRMAPQPHSPQEDYNWVFGNANNHGELITTSDSLITHDNNINIVQSKENANGATSLSVPSLFSSVDQITQDANAASVAVANMSATALLQKAAQMGATSSTSPTTTITTDQSAYLQSFASKSNQIVEDGGSDRFFASFGSNSVELMSNNNNGLHEIGNPRNGVTVVSGMGELQNYPWKRRRVDIGNAGGGGQTRDFLGVGVQTICHSSSINGWI,0
sp|Q9ZWA2|ERF77_ARATH,MTTEKENVTTAVAVKDGGEKSKEVSDKGVKKRKNVTKALAVNDGGEKSKEVRYRGVRRRPWGRYAAEIRDPVKKKRVWLGSFNTGEEAARAYDSAAIRFRGSKATTNFPLIGYYGISSATPVNNNLSETVSDGNANLPLVGDDGNALASPVNNTLSETARDGTLPSDCHDMLSPGVAEAVAGFFLDLPEVIALKEELDRVCPDQFESIDMGLTIGPQTAVEEPETSSAVDCKLRMEPDLDLNASP,0
sp|Q9ZWA1|C3H2_ARATH,MDVVCTEHQMRKPTVEIPPRKLLLSSKSFPSDSSSPRSPRKHNWNKSNKITSEHEEDNEDNNRENKEYCYDSDSDDPYASDHFRMFEFKIRRCTRSRSHDWTDCPFAHPGEKARRRDPRRFQYSGEVCPEFRRGGDCSRGDDCEFAHGVFECWLHPIRYRTEACKDGKHCKRKVCFFAHSPRQLRVLPPENVSGVSASPSPAAKNPCCLFCSSSPTSTLLGNLSHLSRSPSLSPPMSPANKAAAFSRLRNRAASAVSAAAAAGSMNYKDVLSELVNSLDSMSLAEALQASSSSPVTTPVSAAAAAFASSCGLSNQRLHLQQQQPSSPLQFALSPSTPSYLTNSPQANFFSDDFTPRRRQMNDFTAMTAVRENTNIEDGSCGDPDLGWVNDLLT,0
sp|Q9ZW96|LBD40_ARATH,MRMSCNGCRVLRKGCSENCSIRPCLQWIKSAESQANATVFLAKFYGRAGLMNLLNTGPDHLRPAIFRSLLYEACGRIVNPIYGSVGLLWSGNWHLCQAAVEAVMRGSPVTPIACDAAVTGQAPPFNNKLCDIRHVSSRDENVKRRSRGACKEERNVRSLSHESSLSHESPVSSEETTTEEPKTWIGLELTLGLEPLARGNHVVVPMKKRKLERCGTSEDEDTCKIELGLVCSE,0
sp|Q9ZW95|C7352_ARATH,MMVTLVLKYVLVIVMTLILRVLYDSICCYFLTPRRIKKFMERQGITGPKPRLLTGNIIDISKMLSHSASNDCSSIHHNIVPRLLPHYVSWSKQYGKRFIMWNGTEPRLCLTETEMIKELLTKHNPVTGKSWLQQQGTKGFIGRGLLMANGEAWHHQRHMAAPAFTRDRLKGYAKHMVECTKMMAERLRKEVGEEVEIGEEMRRLTADIISRTEFGSSCDKGKELFSLLTVLQRLCAQATRHLCFPGSRFLPSKYNREIKSLKTEVERLLMEIIDSRKDSVEIGRSSSYGDDLLGLLLNQMDSNKNNLNVQMIMDECKTFFFTGHETTSLLLTWTLMLLAHNPTWQDNVRDEVRQVCGQDGVPSVEQLSSLTSLNKVINESLRLYPPATLLPRMAFEDIKLGDLIIPKGLSIWIPVLAIHHSNELWGEDANEFNPERFTTRSFASSRHFMPFAAGPRNCIGQTFAMMEAKIILAMLVSKFSFAISENYRHAPIVVLTIKPKYGVQLVLKPLDL,0
sp|Q9ZW91|KIB3_ARATH,MSDSDGKNMEGRFEAAYIVDLVRLILERLSFVDFHRARCVSSTWYVASKSVIGVTNPTTPWIILFPNKNVENNGSCKLFDPHENKTYIIRDLGFDMSTSRCLASSGSWFLMFDHRADFHLLNLFTRERILLPSLESIDGERYMRFKRPISGSHIEIDKAVLWVDDKSRDYFVFCNLSSYVAYHHKRGDDNNSWKVLQPIKHQGCVDMVFKESKLYMISAHQCLTVFDFSGGVSPVEMECASFGSSVCVNRFHMKYFSNLAVTLSGEVLIIVGGKMDSSPEAKCVFTVNKMDPKSSEFTVLIKSIGDEALLLDLGITVPAKDGVMRDCIYFSNDQYHRCCGISLRDGYNADRICVYQIGSDYVVQEFEHLTTSSTKLFKDARWFFPTFGDKCCFHLWILHPVILQAKKLQKSNLKGTKPVTREKTTIVNNVDGTTTQREKTTKGKNMIGKK,0
sp|Q9ZW88|FBL34_ARATH,MDYLPVEVIGNILSRLGGARDVVIASATCRKWREACRKHLQTLSFNSADWPFYRDLTTNRLEILITQTIFQTMGLQGLSIMMDDANKFSAATVIAWLMYTRDTLRRLSYNVRTTPNVNILEICGRQKLEALVLAHNSITGVEPSFQRFPCLKSLSLSYVSISALDLNLLLSACPMIESLELVSLEIAMSDAQVTIELSSPTLKSVYFDGISLDKFILEADSIEFLHMKDCVLELFELIGNGTLKHFKLDDVSVIHLDIMETSESLEVVDVNHFTMVWPKFYQMISRSQKLKKLRLWDVVFDDDDEIIDVESIAAGFSHLTHLSLSYDLKDGAAHYSLQGTTQLENVTVLELGWTVINDVFSIWVEELLRRCPNLKKLIIYGVVSETKTQGDCQILATFTWSIVQLMRKYIHVEVQFEYE,0
sp|Q9ZW86|P4H1_ARATH,MAPAMKIVFGLLTFVTVGMVIGSLLQLAFINRLEDSYGTGFPSLRGLRGQNTRYLRDVSRWANDKDAELLRIGNVKPEVVSWSPRIIVLHDFLSPEECEYLKAIARPRLQVSTVVDVKTGKGVKSDVRTSSGMFLTHVERSYPIIQAIEKRIAVFSQVPAENGELIQVLRYEPQQFYKPHHDYFADTFNLKRGGQRVATMLMYLTDDVEGGETYFPLAGDGDCTCGGKIMKGISVKPTKGDAVLFWSMGLDGQSDPRSIHGGCEVLSGEKWSATKWMRQKATS,0
sp|Q9ZW85|LEUD3_ARATH,MAASLQSANPTLSRTLASPNKPSSFATFRSPFLRFNSTSVASNFKPLVSREASSSFVTRSAAEPQERKTFHGLCYVVGDNIDTDQIIPAEFLTLVPSNPEEYEKLGSYALVGLPASYKERFVQPGEMKTKYSIIIGGENFGCGSSREHAPVCLGAAGAKAVVAQSYARIFFRNSVATGEVYPLDSEVRVCDECTTGDVATVELREGDSILINHTTGKEYKLKPIGDAGPVIDAGGIFAYARKAGMIPSAAA,0
sp|Q9ZW84|LEUD1_ARATH,MAYSLPTFPQALPCSSTKTSSSLATFRSPFLRFNGSTSLIPSSISITSRGTSSPTIIPRAAASESDSNEALANTTFHGLCYVLKDNIDTDQIIPAGAACTFPSNQQERDEIAAHALSGLPDFHKTRFIEPGENRSKYSIIIGGENFGCGSSREHAPVCLGAAGAKAIVAESYARIFFRNSVATGEVFPLESEVRVCEECKTGDTVTIELSDSGGLLTNHTTGKNYKLKSIGDAGPVIDAGGIFAYARMMGMIPSLA,0
sp|Q9ZW82|PRNL2_ARATH,MRAAINRANSLGGLFSFRFIRNIKSMSSSTSQDFVSRPVIKKVFAKLQKEGDGAVVRRGISRSEQKLLDPFLMLDEFSVSPPAGFPDHPHRGFETVTYVLEGGITHQDFKGHKGTIYAGDVQWMTAGRGIIHSEMPEEEVNKGLQLWINLSSNEKMIEPNYQELSHSDIPKAEQNGVEVKVIAGESMGIQSPVYTRTPTMFLDFTLQPGAQIHQNVPESWNAFAYILESGEGGGVFSSSNSSPIPAHSVVVFGPGNDGVSVWNKSSSKQLRFVLIAGEPIGEPVVQYGPFVMNTQAEIDMTIEDYHYGKNGFEMAKYWRSQ,0
sp|Q9ZW81|BH129_ARATH,MYPPNSSKSTAHDGGGDADTNQYDSAAGATRDFSSLGPQTHHHPPPQRQQQHQQNPNLVGHYLPGEPSSIGFDSNASSSSSLFRHRSSPAGFYDQHLPTDPNGTGFSLGRPNGGYGGGGEQGPSRLKSELRFSSGSSSHQEHNSLPRISEVEAAAAARNGVASSSMSFGNNRTNNWDNSSSHISFTIDQPGKRSKNSDFFTLETQYSMPQTTLEMATMENLMNIPEDSVPCRARAKRGFATHPRSIAERERRTRISGKLKKLQELVPNMDKQTSYADMLDLAVEHIKGLQHQVEVRP,0
sp|Q9ZW76|POP4_ARATH,MGTETVVHDQARWAMAAMERRLAVAKAQLLQQQQQKNEKDKKGTSDVDVSMKESHQADSLPTPSKTSIKKVDPKDDDSVAYTKLSHPVDENLLATNVKFSSAKGTIVDKVLHNLLRSGDSAQKYLQGTKSVKLDNYILLDNFVQSRSSASGSKKASQKDSKRSKSRMSMKRLKKSGALHIPKDLQKFDLFKPMHGMWESYMMKLIKVTGKIQLSLTLLSADLHGAFMFVAECKIASFTGVQGIMVRETSETFGIITRDDKFRVVPKKLSVFIIQLDCWKITLHGDKFISRDNIVQR,0
sp|Q9ZW75|PMTJ_ARATH,MNPSQQHLPKLCPKRLFLFFTPFLLFSLYYILTTIKTITISSQDRHHPPQLHVPSISHYYSLPETSENRSSPPPLLLPPPPSSSSSLSSYFPLCPKNFTNYLPCHDPSTARQYSIERHYRRERHCPDIAQEKFRCLVPKPTGYKTPFPWPESRKYAWFRNVPFKRLAELKKTQNWVRLEGDRFVFPGGGTSFPGGVKDYVDVILSVLPLASGSIRTVLDIGCGVASFGAFLLNYKILTMSIAPRDIHEAQVQFALERGLPAMLGVLSTYKLPYPSRSFDMVHCSRCLVNWTSYDGLYLMEVDRVLRPEGYWVLSGPPVASRVKFKNQKRDSKELQNQMEKLNDVFRRLCWEKIAESYPVVIWRKPSNHLQCRKRLKALKFPGLCSSSDPDAAWYKEMEPCITPLPDVNDTNKTVLKNWPERLNHVPRMKTGSIQGTTIAGFKADTNLWQRRVLYYDTKFKFLSNGKYRNVIDMNAGLGGFAAALIKYPMWVMNVVPFDLKPNTLGVVYDRGLIGTYMNWCEALSTYPRTYDLIHANGVFSLYLDKCDIVDILLEMQRILRPEGAVIIRDRFDVLVKVKAITNQMRWNGTMYPEDNSVFDHGTILIVDNSIK,0
sp|Q9ZW74|PUX11_ARATH,MEALSSLTFKGSLPEAIFEAKGKKKLFVVYISGEDEESDKLNRLTWTDASVADSLSKYCILVHIQAGSVDATNFSAIYPYSSVPCIAAIGFSGTQVWRTEGFITAEDLASSLEKAWLGLHIQETTASIFSAALASQNSETPVSSASSVVLPPGSVPLDAAVASPSTASSVQPSETKSTVTSASTTENNDGTVAVKGKESAEPSNLCDTTKNQPAPSVDGTKANVEHEATETPLRVQAEKEPIRPTAPGTNDNTSRVRSSVDRKRKQGTVINEEDSGVGVSGRDINLTKSVDTKETMKPKDEGGEEEDGEKSKKASDVHLNIRLPDGSSLQEKFSVTSILRMVKDYVNSNQTIGLGAYDLAVPYPRKVYTDQDLDKSLSELRLFDRQALVVVPRKRATVYQRGTSYSESNNNTDPNSGGYFAYVRRVLSYANPFSYFGGGTANASSSVPERQTRPNTEVRNNLGQVGTSFQDPSEGRSNVRNRRPTTSRIGSNIHTLNHNEDEAPFGDGNAFWNGNSTQYGGGSGGDSNDRR,0
sp|Q9ZW72|CARK6_ARATH,MDRDFHRRGQVANDRTQSNFVRLDKPRAVDDLDIGKRGKMRRWLCCSCRVQESYPSAENNRLKTPPTRHYDYGRNNKKTPAPVKPPVLKEPPPIDVPAMSLVELKEKTQNFGSKALIGEGSYGRVYYANFNDGKAVAVKKLDNASEPETNVEFLTQVSKVSRLKSDNFVQLLGYCVEGNLRVLAYEFATMRSLHDILHGRKGVQGAQPGPTLEWMQRVRVAVDAAKGLEYLHEKVQPAVIHRDIRSSNVLIFEDFKAKIADFNLSNQAPDMAARLHSTRVLGTFGYHAPEYAMTGQLTQKSDVYSFGVVLLELLTGRKPVDHTMPRGQQSLVTWATPRLSEDKVKQCVDPKLKGEYPPKAVAKLAAVAALCVQYEAEFRPNMSIVVKALQPLLRSATAAAPPTPQP,0
sp|Q9ZW38|FBK36_ARATH,MASISETSDDGSNGGDPNQKPEEPHKNPQEGKEEENQNEKPKEDDHQEEEVENVPQIPPQMPLELIVSTIATLRRCHYPTLSLLSDSFRQVISSVDLFQTRSLIGSTEPVLYTLITFTSPNFEEPRWFILQRRNNTSLQLSLVTSLPPMFPGCTTVTIGHKIYVMGGLRSLNRRAKTVFVIDCRFHTWRYLQEMQVARSYAASAVIDGMIYVVGGSTKRSDDWVEVFNVETNTWENVPSVLSPYGRSKAPFNVHFVLDNKIYILDGNNRVAYDLRGRRWEDWGPAGNQLGYFWQVLYCVVDNLLYAVVPDHLHVTPIVVYDPREMGWRPVMGVDYLPNLVYSESRMTNFGGKLMILGCYQSQARFDYYGEVNVWCVEVALERREDGEIWGKVQSLSLVNKFRKSPVFVLSRTVTV,0
sp|Q9ZW36|C3H25_ARATH,MAHRILRDHEADGWERSDFPIICESCLGDNPYVRMTKANYDKECKICTRPFTVFRWRPGRDARYKKTEVCQTCCKLKNVCQVCLLDLEYGLPVQVRDTALNISTHDSIPKSDVNREFFAEEHDRKTRAGLDYESSFGKIRPNDTIRMLQRTTPYYKRNRAHICSFFIRGECTRGDECPYRHEMPETGELSQQNIKDRYYGVNDPVALKLLGKAGEMGTLESPEDQSIRTLYVGGLNSRVLEQDIRDQFYAHGEIESIRILAEKACAFVTYTTREGAEKAAEELSNRLVVNGQRLKLTWGRPQVPKPDQDGSNQQGSVAHSGLLPRAVISQQQNQPPPMLQYYMHPPPPQPPHQDRPFYPSMDPQRMGAVSSSKESGSSTSDNRGASSSSYTMPPHGHYPQHQPYPPPSYGGYMQPPYQQYPPYHHGHSQQADHDYPQQPGPGSRPNPPHPSSVSAPPPDSVSAAPSGSSQQSADAAVTTGSSQ,0
sp|Q9ZW35|PCNA2_ARATH,MLELRLVQGSLLKKVLEAVKDLVNDANFDCSTTGFSLQAMDSSHVALVSLLLRSEGFEHYRCDRNLSMGMNLGNMSKMLKCAGNDDIITIKADDGSDTVTFMFESPTQDKIADFEMKLMDIDSEHLGIPDAEYHSIVRMPSGEFSRICKDLSSIGDTVVISVTKEGVKFSTAGDIGTANIVLRQNTTVDKPEDAIVIEMNEPVSLSFALRYMNSFTKATPLSETVTISLSSELPVVVEYKVAEMGYIRYYLAPKIEEEEDTKPE,0
sp|Q9ZW34|ENO3_ARATH,MSVQEYLDKHMLSRKIEDAVNAAVRAKTSDPVLFIANHLKKAVSSVITKVKARQILDSRGIPTVEVDLHTNKGVFRASVPSGDSSGTYEAIELRDGDKGMYLGNSVAKAVKNINEKISEALIGMDPKLQGQIDQAMIDLDKTEKKSELGANAILAVSIAACKAGAAEKEVPLCKHLSDLSGRANMVLPVPAFTVLSGGKHASNTFAIQEIMILPIGASRFEEALQWGSETYHHLKAVISEKNGGLGCNVGEDGGLAPDISSLKEGLELVKEAINRTGYNDKIKIAIDIAATNFCLGTKYDLDIKSPNKSGQNFKSAEDMIDMYKEICNDYPIVSIEDPFDKEDWEHTKYFSSLGICQVVGDDLLMSNSKRVERAIQESSCNALLLKVNQIGTVTEAIEVVKMARDAQWGVVTSHRCGETEDSFISDLSVGLATGVIKAGAPCRGERTMKYNQLLRIEEELGDQAVYAGEDWKLSL,0
sp|Q9ZW33|TIM10_ARATH,MASPIPVGVTKEQAFSMAQTEMEYRVELFNKLAQTCFNKCVDKRYKEAELNMGENSCIDRCVSKYWQVNGMVGQLLSAGKPPV,0
sp|Q9ZW31|HS17B_ARATH,MSMIPSFFNNNRRSNIFDPFSLDVWDPFKELTSSSLSRENSAIVNARVDWRETPEAHVFKADLPGLKKEEVKVEIEEDSVLKISGERHVEKEDKNDTWHRVERSSGQFTRRFRLPENVKMDQVKAAMENGVLTVTVPKAETKKADVKSIQISG,0
sp|Q9ZW30|GSTU1_ARATH,MAEKEESVKLLGFWASPFSRRVEMALKLKGVPYEYLEEDLPNKTPLLLELNPLHKKVPVLVHNDKILLESHLILEYIDQTWKNSPILPQDPYEKAMARFWAKFIDDQILTLGFRSLVKAEKGREVAIEETRELLMFLEKEVTGKDFFGGKTIGFLDMIAGSMIPFCLARLWKGIGIDMIPEEKFPELNRWIKNLEEVEAVRGCIPPREKQIERMTKIAETIKSA,0
sp|Q9ZW29|GSTU2_ARATH,MAKKEESVKLLGFWISPFSRRVEMALKLKGVPYEYLEEDLPKKSTLLLELNPVHKKVPVLVHNDKLLSESHVILEYIDQTWNNNPILPHDPYEKAMVRFWAKFVDEQILPVGFMPLVKAEKGIDVAIEEIREMLMFLEKEVTGKDFFGGKTIGFLDMVAGSMIPFCLARAWECLGIDMTPEDTFPELNRWIKNLNEVEIVRECIPPKEKHIERMKKIIERAKSTF,0
sp|Q9ZW28|GSTU3_ARATH,MAEKEEGVKLIGSWASPFSRRVEMALKLKGVPYDYLDEDYLVVKSPLLLQLNPVYKKVPVLVHNGKILPESQLILEYIDQTWTNNPILPQSPYDKAMARFWAKFVDEQVTMIGLRSLVKSEKRIDVAIEEVQELIMLLENQITGKKLFGGETIGFLDMVVGSMIPFCLARAWEGMGIDMIPEEKFPELNRWIKNLKEIEIVRECIPDREKHIEHMMKIVGRIKAV,0
sp|Q9ZW27|GSTU4_ARATH,MAEKEEDVKLLGFWASPFTRRVEMAFKLKGVPYEYLEQDIVNKSPLLLQINPVYKKVPVLVYKGKILSESHVILEYIDQIWKNNPILPQDPYEKAMALFWAKFVDEQVGPVAFMSVAKAEKGVEVAIKEAQELFMFLEKEVTGKDFFGGKTIGFLDLVAGSMIPFCLARGWEGMGIDMIPEEKFPELNRWIKNLKEIEIVRECIPPREEQIEHMKKVVERIKSA,0
sp|Q9ZW26|GSTU6_ARATH,MGKNEEVKLLGIWASPFSRRIEMALKLKGVPYEYLEEDLENKSSLLLALSPIHKKIPVLVHNGKTIIESHVILEYIDETWKHNPILPQDPFQRSKARVLAKLVDEKIVNVGFASLAKTEKGREVLIEQTRELIMCLEKELAGKDYFGGKTVGFLDFVAGSMIPFCLERAWEGMGVEMITEKKFPEYNKWVKKLKEVEIVVDCIPLREKHIEHMNNMAEKIRSA,0
sp|Q9ZW24|GSTU7_ARATH,MAERSNSEEVKLLGMWASPFSRRIEIALTLKGVSYEFLEQDITNKSSLLLQLNPVHKMIPVLVHNGKPISESLVILEYIDETWRDNPILPQDPYERTMARFWSKFVDEQIYVTAMKVVGKTGKERDAVVEATRDLLMFLEKELVGKDFLGGKSLGFVDIVATLVAFWLMRTEEIVGVKVVPVEKFPEIHRWVKNLLGNDVIKKCIPPEDEHLKYIRARMEKLNIKSA,0
sp|Q9ZW22|SMO21_ARATH,MDSLVESGWKYLVTHFSDFQLACIGSFILHESVFFLSGLPYIFLERTGFLSNYKIQTKSNTPEAQGKCIARLLLYHCCVNLPLMMASYPVFRFMGMESSFPLPSWKVVSAQILFYFIIEDFVFYWGHRILHTKWLYKNVHSVHHEYATPFGLTSEYAHPAEILFLGFATIVGPALTGPHLITLWLWMMLRVIETVEAHCGYHFPWSPSNFLPLYGGSLILMWESFAYSADFHDYHHRLLYTKSGNYSSTFVYMDWIFGTDKGYRKLKALKET,0
sp|Q9ZW21|P2C24_ARATH,MAEICYEVVTDACPSSVYESTPAHSRRRPRFQTVMHEDWEKNCKRSKQEALATRYSSIPRSSREDFSDQNVDVSSPRYGVSSVCGRRREMEDAVAIHPSFSSPKNSEFPQHYFGVYDGHGCSHVAARCRERLHKLVQEELSSDMEDEEEWKTTMERSFTRMDKEVVSWGDSVVTANCKCDLQTPACDSVGSTAVVSVITPDKIVVANCGDSRAVLCRNGKPVPLSTDHKPDRPDELDRIEGAGGRVIYWDCPRVLGVLAMSRAIGDNYLKPYVSCEPEVTITDRRDDDCLILASDGLWDVVSNETACSVARMCLRGGGRRQDNEDPAISDKACTEASVLLTKLALARNSSDNVSVVVIDLRR,0
sp|Q9ZW20|TRNHD_ARATH,MAKRGESLRDKPKWSLEGMTALVTGGSKGLGKAVVEELAMLGARVHTCARDETQLQESLREWQAKGLQVTTSVCDVSSRDQREKLMETVSSLFQGKLSILVPNVGIGVLKPTTECTAEEFSFIIATNLESTFHFSQLAHPLLKASGSGNIVLMSSVAGVVNLGNTSIYGATKGAMNQLARNLACEWASDNIRANSVCPWFITTPSTKDFLGDKDVKEKVESVTPLRRVGEANEVSSLVAFLCLPAASYITGQTICVDGGFTINGFSLP,0
sp|Q9ZW19|TRNHC_ARATH,MAKTGESLRDKPRWSLVGMTALVTGGSKGIGEAVVEELATLGARIHTCARDETQLQESLRKWQAKGFQVTTSVCDVSSRDKREKLMETVSTIFEGKLNILVNNVGTCIVKPTLQHTAEDFSFTMATNLESAFHLSQLAHPLLKASGSGSIVLISSVSGVVHVNGASIYGVSKGAMNQLGRNLACEWASDNIRTNSVCPWFIETPLVTESLSNEEFRKEVESRPPMGRVGEVNEVSSLVAFLCLPAASYITGQTICVDGGFTVNGFSFKPLP,0
sp|Q9ZW18|SAG13_ARATH,MAKEGGLGENSRWSLGGMTALVTGGSKGIGEAVVEELAMLGAKVHTCARDETQLQERLREWQAKGFQVTTSVCDVSSRDQRVKLMETVSSLYQGKLNILVNNVGTSIFKPTTEYTAEDFSFVMATNLESAFHLSQLAHPLLKASGSGSIVLISSAAGVVHVNVGSIYGATKGAMNQLARNLACEWASDNIRTNSVCPWYITTPLSNDFFDEEFKKEAVRTTPMGRVGEANEVSPLVAFLCLPSASYITGQTICVDGGATVNGFSFKTMP,0
sp|Q9ZW16|TRNHA_ARATH,MDKRWSLQGLTALVTGGASGIGHAIVEELAGFGAKIHVCDISKTLLNQSLSEWEKKGFQVSGSVCDASNRLERETLMQTVTTIFDGKLNILVNNVGTIRTKPTIEYEAEDFSFLISTNLESAYHLSQLSHPLLKASGNGIITFISSAAGIVSFDAASIYGLTKGALNQLARNLACEWAKDGIRANAVAPNFITTALAKPFLEDAGFNEILSSRTPLGRAGEPREVASLVAFLCLPAASYITGQTICVDGGLTVNGFSYQP,0
sp|Q9ZW15|TRNH9_ARATH,MVTRKMDKRLWSLQGMTALVTGAASGIGYAIVEELAGFGAKIHICDISKTLLNQSLSEWENKGFQVSGSVCDVTSHPEREKLMQTVSSIFDGKLNILVNNVGVLRGKPTTEYVADDFTFHISTNLEAAYHFCQLSHPLLKASGYGSIVFLSSVAGVVSLIDCGSIYGLTKGALNQLARNLACEWAKDGIRANAVAPNVVKTAQSQSFLEDVSKKEGLLSRTPLGRVGEPNEVSSLVVFLCLPAASYITGQTICVDGGLTVNGFSYQPHA,0
